quote_id,procurement_id,item_id,original_item_description,normalized_item_name,item_category,specification,specification_key,quantity,quoted_unit,canonical_unit,vendor_id,vendor_name,quote_date,base_unit_rate,gst_percent,freight_per_unit,installation_per_unit,other_per_unit,discount_per_unit,landed_unit_rate,evaluated_total,responsiveness,numerical_rank,responsive_rank,negotiated,negotiated_landed_unit_rate,source_document,benchmark_reference_only,last_updated
QUOTE-AB29C647329C,PROC-HIST-GJ-VIS-2026-01-BAG-BOTTLE,ITEM-BDBB344470B0,Cold water bottle,office water bottle,Staff kit,Detailed bottle specification not recovered. CPC email records L1 vendor Mehul Vasan Bhandar at a rate of ₹750 for 70 quantity; GST was stated as included but GSTIN was initially missing.,UNSPECIFIED,70.0,unit,unit,VEND-59C44BBC65A6,Mehul Vasan Bhandar,2026-01-23,750,0,0,0,0,0,750.0,52500.0,Responsive subject to GSTIN documentation,1,1,N,,CPC email dated 11-02-2026; rate stated as ₹750 for 70 QTY. Tax split not recovered.,Y,2026-09-11
QUOTE-E0159A4AB620,PROC-HIST-MP-LKD-2026-08-LAPTOP,ITEM-A5500989C3EA,Laptop - 04,laptop computer,IT equipment,Intel Core i3; 8 GB RAM; 512 GB SSD; 15.6-inch display; bag; 1-year warranty. HP 15-FD0624TU quoted by two vendors; Dell DC15250 quoted by Computer Bazar.,LAPTOP-I3-8GB-512SSD-15.6IN-BAG-1YR-V1,4.0,unit,unit,VEND-4EC18E1C2633,M.P. Computer & Electronics,,56500,0,0,0,0,0,56500.0,226000.0,Responsive subject to authorization/selection clarification,1,,N,,"Purchase Committee Note _Laptop.docx.pdf; HP 15-FD0624TU; quoted unit rate ₹56,500; GST stated included.",Y,2026-09-11
QUOTE-4F0BD1922CB8,PROC-HIST-MP-LKD-2026-08-LAPTOP,ITEM-A5500989C3EA,Laptop - 04,laptop computer,IT equipment,Intel Core i3; 8 GB RAM; 512 GB SSD; 15.6-inch display; bag; 1-year warranty. HP 15-FD0624TU quoted by two vendors; Dell DC15250 quoted by Computer Bazar.,LAPTOP-I3-8GB-512SSD-15.6IN-BAG-1YR-V1,4.0,unit,unit,VEND-F817ECC50FDD,Computer Vision,,56500,0,0,0,0,0,56500.0,226000.0,Responsive,1,1,N,,"Purchase Committee Note _Laptop.docx.pdf; HP 15-FD0624TU; quoted unit rate ₹56,500; GST stated included; selected due to company authorization.",Y,2026-09-11
QUOTE-82C503169C10,PROC-HIST-MP-LKD-2026-08-LAPTOP,ITEM-A5500989C3EA,Laptop - 04,laptop computer,IT equipment,Intel Core i3; 8 GB RAM; 512 GB SSD; 15.6-inch display; bag; 1-year warranty. HP 15-FD0624TU quoted by two vendors; Dell DC15250 quoted by Computer Bazar.,LAPTOP-I3-8GB-512SSD-15.6IN-BAG-1YR-V1,4.0,unit,unit,VEND-A091EBFF28FC,Computer Bazar,,59500,0,0,0,0,0,59500.0,238000.0,Responsive,3,2,N,,"Purchase Committee Note _Laptop.docx.pdf; Dell DC15250; quoted unit rate ₹59,500; GST stated included.",Y,2026-09-11
QUOTE-3AA710D0435C,PROC-D2F418F766F7,ITEM-51903DEE7F59,Masand Pearl - Spray Pump Battery operated,battery-operated agricultural sprayer pump,Agricultural equipment,"Masand Pearl battery-operated agricultural sprayer pump; HSN/SAC 84248200 shown on Masand proforma invoice. Capacity, battery voltage and warranty details were not recovered from the attached evidence.",MASAND-PEARL-BATTERY-SPRAYER-V1,46,unit,unit,VEND-F800A262E809,"Shriram Agro Traders, Nandurbar",2026-08-15,3150,0,0,0,0,0,3150,144900,Responsive,2,2,N,,PC Note September -2026.pdf; transportation and GST recorded as included.,N,2026-09-11
QUOTE-ED766A426B76,PROC-D2F418F766F7,ITEM-51903DEE7F59,Masand Pearl - Spray Pump Battery operated,battery-operated agricultural sprayer pump,Agricultural equipment,"Masand Pearl battery-operated agricultural sprayer pump; HSN/SAC 84248200 shown on Masand proforma invoice. Capacity, battery voltage and warranty details were not recovered from the attached evidence.",MASAND-PEARL-BATTERY-SPRAYER-V1,46,unit,unit,VEND-B5DDA9F49FA7,OM Agro Agency,2026-08-14,3500,0,0,0,0,0,3500,161000,Responsive,4,4,N,,PC Note September -2026.pdf; transportation and GST recorded as included.,N,2026-09-11
QUOTE-E794C3F19D0B,PROC-D2F418F766F7,ITEM-51903DEE7F59,Masand Pearl - Spray Pump Battery operated,battery-operated agricultural sprayer pump,Agricultural equipment,"Masand Pearl battery-operated agricultural sprayer pump; HSN/SAC 84248200 shown on Masand proforma invoice. Capacity, battery voltage and warranty details were not recovered from the attached evidence.",MASAND-PEARL-BATTERY-SPRAYER-V1,46,unit,unit,VEND-DD46FB00D6D0,Sonal Krushi Seva Kendra,2026-08-08,3500,0,0,0,0,0,3500,161000,Responsive,4,4,N,,PC Note September -2026.pdf; transportation and GST recorded as included.,N,2026-09-11
QUOTE-07CC6EBF3176,PROC-D2F418F766F7,ITEM-51903DEE7F59,Masand Pearl - Spray Pump Battery operated,battery-operated agricultural sprayer pump,Agricultural equipment,"Masand Pearl battery-operated agricultural sprayer pump; HSN/SAC 84248200 shown on Masand proforma invoice. Capacity, battery voltage and warranty details were not recovered from the attached evidence.",MASAND-PEARL-BATTERY-SPRAYER-V1,46,unit,unit,VEND-6389582E0882,Pandurang Agro Agency,2026-08-15,3400,0,0,0,0,0,3400,156400,Responsive,3,3,N,,PC Note September -2026.pdf; transportation and GST recorded as included.,N,2026-09-11
QUOTE-DDA2FE14F37A,PROC-D2F418F766F7,ITEM-51903DEE7F59,Masand Pearl - Spray Pump Battery operated,battery-operated agricultural sprayer pump,Agricultural equipment,"Masand Pearl battery-operated agricultural sprayer pump; HSN/SAC 84248200 shown on Masand proforma invoice. Capacity, battery voltage and warranty details were not recovered from the attached evidence.",MASAND-PEARL-BATTERY-SPRAYER-V1,46,unit,unit,VEND-A4722DA8D4F5,Masand Sprayers Pvt Ltd,2026-09-02,1670,5,113.6087,0,0,0,1867.1087,85887,Responsive; price rechecked at CPC request,1,1,N,,"PC Note September -2026.pdf and Masand PI No. 18. Comparative sheet evaluates 46 units at ₹85,887; freight_per_unit is the residual needed to reproduce the PC total after 5% pump GST because the PC note combines transportation+GST.",N,2026-09-11
